<?xml version="1.0" encoding="UTF-8"?>
<beans xmlns="http://www.springframework.org/schema/beans"
	xmlns:xsi="http://www.w3.org/2001/XMLSchema-instance"
	xmlns:tx="http://www.springframework.org/schema/tx"
	xmlns:jdbc="http://www.springframework.org/schema/jdbc"
	xmlns:mybatis-spring="http://mybatis.org/schema/mybatis-spring"
	xsi:schemaLocation="http://www.springframework.org/schema/jdbc http://www.springframework.org/schema/jdbc/spring-jdbc-4.3.xsd
		http://mybatis.org/schema/mybatis-spring http://mybatis.org/schema/mybatis-spring-1.2.xsd
		http://www.springframework.org/schema/beans https://www.springframework.org/schema/beans/spring-beans.xsd
		http://www.springframework.org/schema/tx http://www.springframework.org/schema/tx/spring-tx-4.3.xsd">
	
	
		<!-- Root Context: defines shared resources visible to all other web components -->
<bean id="helpDBCP" class="com.zaxxer.hikari.HikariConfig">
<property name="driverClassName" value="oracle.jdbc.driver.OracleDriver" />
<property name="jdbcUrl" value="jdbc:oracle:thin:@192.168.0.89:1521:xe"/>
<property name="username" value="JOO"/>
<property name="password" value="1234"/>
</bean>	
	
<bean id="helpDataSource" class="com.zaxxer.hikari.HikariDataSource">
<constructor-arg ref="helpDBCP" />
</bean>

<!-- ORM : myBatis -->
<bean id="sessionFactory" class="org.mybatis.spring.SqlSessionFactoryBean">
<property name="dataSource" ref="helpDataSource"/>
<property name="mapperLocations" value="classpath:/icia/spring/help/mapper/**/*.xml"/>
</bean>

<bean id="mybatisSession" class="org.mybatis.spring.SqlSessionTemplate">
  <constructor-arg name="sqlSessionFactory" ref="sessionFactory"/>
</bean>

<!-- Transaction -->
<bean id="tran" class="org.springframework.jdbc.datasource.DataSourceTransactionManager">
<property name="dataSource" ref="helpDataSource"/>
</bean>

<!-- AOP : annotation 제어 방식 -->
<tx:annotation-driven transaction-manager="tran"/>

<mybatis-spring:scan base-package="icia.spring.help.mapper"/>
</beans>
